run,iter,block,problem,boss_fit,ga_fit,boss_agents,ga_agents,best_val
0,0,numeric,Griewank10,-0.04424253383041293,0.2785165788064219,1,2,2.176921728868314e+29
0,0,numeric,Himmelblau2,-0.04424253383041293,0.2785165788064219,4,1,0.04629054482590109
0,0,numeric,Rosenbrock10,-0.04424253383041293,0.2785165788064219,0,0,inf
0,1,numeric,Rosenbrock10,0.39053910278073345,0.5597144121838091,0,0,inf
0,1,numeric,Griewank10,0.39053910278073345,0.5597144121838091,0,1,inf
0,1,numeric,Himmelblau2,0.39053910278073345,0.5597144121838091,3,1,0.009551260715207491
0,2,numeric,Himmelblau2,0.5575306164937877,1.1025250842739145,1,1,0.044353029317979915
0,2,numeric,Griewank10,0.5575306164937877,1.1025250842739145,1,1,1.7667126271854738e+28
0,2,numeric,Rosenbrock10,0.5575306164937877,1.1025250842739145,0,0,inf
0,3,numeric,Griewank10,-0.15162963692929116,-0.15505792593429468,1,2,1.3457231232634837e+46
0,3,numeric,Himmelblau2,-0.15162963692929116,-0.15505792593429468,1,2,3.026245271926058
0,3,numeric,Rosenbrock10,-0.15162963692929116,-0.15505792593429468,0,0,inf
0,4,numeric,Rastrigin10,0.8744818164364249,1.0564909164370218,0,0,inf
0,4,numeric,Griewank10,0.8744818164364249,1.0564909164370218,1,1,1.0090686324168372
0,4,numeric,Himmelblau2,0.8744818164364249,1.0564909164370218,2,1,0.02381523133453755
0,5,numeric,Griewank10,0.17552453814015073,1.0699726145597417,1,1,2.8399457660591797e+29
0,5,numeric,Himmelblau2,0.17552453814015073,1.0699726145597417,3,1,0.025089539937674897
0,5,numeric,Rosenbrock10,0.17552453814015073,1.0699726145597417,0,0,inf
0,6,numeric,Griewank10,0.8860257492056445,0.5932859992691679,1,1,1.0380633074370893
0,6,numeric,Rosenbrock10,0.8860257492056445,0.5932859992691679,0,0,inf
0,6,numeric,Himmelblau2,0.8860257492056445,0.5932859992691679,2,1,0.004657737498083115
0,7,numeric,Himmelblau2,0.9531586453055578,0.8985608547072165,1,2,0.18110433078807664
0,7,numeric,Griewank10,0.9531586453055578,0.8985608547072165,1,1,0.9743594292234146
0,7,numeric,Rastrigin10,0.9531586453055578,0.8985608547072165,0,0,inf
0,8,numeric,Rosenbrock10,0.30649672295068225,-0.4,0,2,2.3029410617444263e+107
0,8,numeric,Rastrigin10,0.30649672295068225,-0.4,0,0,inf
0,8,numeric,Griewank10,0.30649672295068225,-0.4,1,0,0.9743464363882375
0,9,numeric,Griewank10,-0.2,-0.2,1,0,4.412282949382426e+33
0,9,numeric,Rastrigin10,-0.2,-0.2,0,0,inf
0,9,numeric,Rosenbrock10,-0.2,-0.2,0,1,2.676611436803035e+66
1,0,numeric,Griewank10,0.6236325328798155,0.8894066802525,1,1,inf
1,0,numeric,Rosenbrock10,0.6236325328798155,0.8894066802525,0,0,inf
1,0,numeric,Himmelblau2,0.6236325328798155,0.8894066802525,1,2,0.7956250166063644
1,1,numeric,Himmelblau2,0.18959660427326397,0.5900537256452791,4,2,0.010512764172605516
1,1,numeric,Rosenbrock10,0.18959660427326397,0.5900537256452791,0,0,inf
1,1,numeric,Rastrigin10,0.18959660427326397,0.5900537256452791,0,0,inf
1,2,numeric,Rosenbrock10,0.29695333223892695,0.2969532462845577,0,0,inf
1,2,numeric,Rastrigin10,0.29695333223892695,0.2969532462845577,0,0,inf
1,2,numeric,Griewank10,0.29695333223892695,0.2969532462845577,1,1,1.012261383769566
1,3,numeric,Griewank10,-0.2,0.0,1,0,3.581372135830253e+23
1,3,numeric,Rosenbrock10,-0.2,0.0,0,0,inf
1,3,numeric,Rastrigin10,-0.2,0.0,0,0,inf
1,4,numeric,Griewank10,0.6712158247643358,0.7109759160479879,1,1,1.008956501851494
1,4,numeric,Himmelblau2,0.6712158247643358,0.7109759160479879,3,2,0.022780607208745668
1,4,numeric,Rastrigin10,0.6712158247643358,0.7109759160479879,0,1,107.39142436442984
1,5,numeric,Rastrigin10,0.18247548926328105,0.7425675836308188,0,0,inf
1,5,numeric,Himmelblau2,0.18247548926328105,0.7425675836308188,4,1,0.017837097137008352
1,5,numeric,Rosenbrock10,0.18247548926328105,0.7425675836308188,0,0,inf
1,6,numeric,Rosenbrock10,0.3072518873650117,1.0716349378617,0,0,inf
1,6,numeric,Himmelblau2,0.3072518873650117,1.0716349378617,5,1,0.04364569867406159
1,6,numeric,Griewank10,0.3072518873650117,1.0716349378617,1,1,0.8212537609896782
1,7,numeric,Griewank10,-0.2,-0.4,1,0,7.898390048873634e+54
1,7,numeric,Rastrigin10,-0.2,-0.4,0,2,5.049727025044101e+42
1,7,numeric,Rosenbrock10,-0.2,-0.4,0,0,inf
1,8,numeric,Rosenbrock10,0.12704918184562763,-0.0029987282801982595,0,0,inf
1,8,numeric,Rastrigin10,0.12704918184562763,-0.0029987282801982595,0,1,inf
1,8,numeric,Himmelblau2,0.12704918184562763,-0.0029987282801982595,4,4,0.07869142175298316
1,9,numeric,Himmelblau2,-0.2868907921131005,0.8846734562160716,5,1,0.09515925517187755
1,9,numeric,Griewank10,-0.2868907921131005,0.8846734562160716,1,1,1.2209027892653452e+34
1,9,numeric,Rosenbrock10,-0.2868907921131005,0.8846734562160716,0,0,inf
2,0,numeric,Rastrigin10,0.9666062709944947,1.0044249049819887,0,0,inf
2,0,numeric,Himmelblau2,0.9666062709944947,1.0044249049819887,1,1,0.1939480955676936
2,0,numeric,Griewank10,0.9666062709944947,1.0044249049819887,1,1,0.8901843584373931
2,1,numeric,Himmelblau2,-0.3454551714804738,0.6135713183282252,3,1,2.9285810904749505
2,1,numeric,Rosenbrock10,-0.3454551714804738,0.6135713183282252,0,0,inf
2,1,numeric,Rastrigin10,-0.3454551714804738,0.6135713183282252,0,0,inf
2,2,numeric,Griewank10,0.8638099781626606,0.6688013446358714,1,2,1.0271056482003298
2,2,numeric,Rosenbrock10,0.8638099781626606,0.6688013446358714,0,0,inf
2,2,numeric,Himmelblau2,0.8638099781626606,0.6688013446358714,2,2,0.030401184541846437
2,3,numeric,Rastrigin10,0.10819140307757447,0.1555998271809922,0,1,inf
2,3,numeric,Rosenbrock10,0.10819140307757447,0.1555998271809922,0,2,inf
2,3,numeric,Himmelblau2,0.10819140307757447,0.1555998271809922,4,1,0.10108948026959415
2,4,numeric,Himmelblau2,0.445299074677517,0.49540823828682967,1,2,0.5496690437681813
2,4,numeric,Rosenbrock10,0.445299074677517,0.49540823828682967,0,0,inf
2,4,numeric,Griewank10,0.445299074677517,0.49540823828682967,0,3,2.915748785238586e+41
2,5,numeric,Himmelblau2,0.49614260201978616,0.7783040964095702,1,1,0.4364872902457095
2,5,numeric,Rosenbrock10,0.49614260201978616,0.7783040964095702,0,0,inf
2,5,numeric,Rastrigin10,0.49614260201978616,0.7783040964095702,0,0,inf
2,6,numeric,Griewank10,0.17125218210529608,-0.07650237697485338,1,1,1.1520683106205265e+57
2,6,numeric,Himmelblau2,0.17125218210529608,-0.07650237697485338,3,1,0.02959871640379729
2,6,numeric,Rosenbrock10,0.17125218210529608,-0.07650237697485338,0,1,inf
2,7,numeric,Rosenbrock10,0.2731713757863638,0.0,0,0,inf
2,7,numeric,Griewank10,0.2731713757863638,0.0,1,0,1.1133991851009573
2,7,numeric,Rastrigin10,0.2731713757863638,0.0,0,0,inf
2,8,numeric,Rastrigin10,0.6737857515301515,0.2736306430630343,0,1,inf
2,8,numeric,Griewank10,0.6737857515301515,0.2736306430630343,1,1,inf
2,8,numeric,Himmelblau2,0.6737857515301515,0.2736306430630343,3,1,0.02496782468293888
2,9,numeric,Himmelblau2,0.4950415692883042,0.6489110215701225,4,2,0.002224672075356564
2,9,numeric,Rosenbrock10,0.4950415692883042,0.6489110215701225,0,0,inf
2,9,numeric,Griewank10,0.4950415692883042,0.6489110215701225,1,2,1.0110151214213405
3,0,numeric,Himmelblau2,0.6928718308051681,0.6991966620456861,3,2,0.0009262933040179381
3,0,numeric,Rosenbrock10,0.6928718308051681,0.6991966620456861,0,1,1.8005992396357867e+129
3,0,numeric,Griewank10,0.6928718308051681,0.6991966620456861,1,1,1.0251225899049567
3,1,numeric,Rosenbrock10,0.3539745322844975,0.11419473401302521,0,0,inf
3,1,numeric,Rastrigin10,0.3539745322844975,0.11419473401302521,0,2,inf
3,1,numeric,Himmelblau2,0.3539745322844975,0.11419473401302521,3,1,0.048246013030646163
3,2,numeric,Rastrigin10,0.48990799772471877,0.09844913974403324,0,0,inf
3,2,numeric,Himmelblau2,0.48990799772471877,0.09844913974403324,4,1,0.01424823898715591
3,2,numeric,Griewank10,0.48990799772471877,0.09844913974403324,1,1,0.9842999161379579
3,3,numeric,Griewank10,0.8863024744041046,0.6576271172436585,1,1,1.050790527077694
3,3,numeric,Rastrigin10,0.8863024744041046,0.6576271172436585,0,0,inf
3,3,numeric,Himmelblau2,0.8863024744041046,0.6576271172436585,2,1,0.0013160972277721122
3,4,numeric,Himmelblau2,0.5999913108398269,0.8911754916571527,2,2,8.689235675189402e-06
3,4,numeric,Rosenbrock10,0.5999913108398269,0.8911754916571527,0,0,inf
3,4,numeric,Griewank10,0.5999913108398269,0.8911754916571527,0,1,1.4688872414970372e+59
3,5,numeric,Rosenbrock10,0.33896121306014465,0.6487004915535093,0,0,inf
3,5,numeric,Griewank10,0.33896121306014465,0.6487004915535093,1,1,1.0104515472387645
3,5,numeric,Himmelblau2,0.33896121306014465,0.6487004915535093,4,3,0.1882686751521141
3,6,numeric,Rosenbrock10,0.531071760055509,0.21793478210580253,0,0,inf
3,6,numeric,Himmelblau2,0.531071760055509,0.21793478210580253,3,1,0.2278223262377234
3,6,numeric,Griewank10,0.531071760055509,0.21793478210580253,1,2,0.9356524348191075
3,7,numeric,Himmelblau2,-0.4289129014717472,0.8937876641969041,5,1,0.751046386054067
3,7,numeric,Rosenbrock10,-0.4289129014717472,0.8937876641969041,0,0,inf
3,7,numeric,Griewank10,-0.4289129014717472,0.8937876641969041,0,2,8.806532792120263e+35
3,8,numeric,Rosenbrock10,0.0,0.0,0,0,inf
3,8,numeric,Griewank10,0.0,0.0,0,0,inf
3,8,numeric,Rastrigin10,0.0,0.0,0,0,inf
3,9,numeric,Rastrigin10,0.8167508846325708,0.6781425472419491,0,2,121.92538688414109
3,9,numeric,Himmelblau2,0.8167508846325708,0.6781425472419491,2,1,1.3995021730761366
3,9,numeric,Griewank10,0.8167508846325708,0.6781425472419491,1,1,2.2282558098662975e-06
4,0,numeric,Griewank10,1.06359970384747,0.9993979989792166,1,1,1.0624985682137515
4,0,numeric,Rastrigin10,1.06359970384747,0.9993979989792166,0,0,inf
4,0,numeric,Himmelblau2,1.06359970384747,0.9993979989792166,1,1,0.021710445389631076
4,1,numeric,Rastrigin10,0.0,0.30217295972207675,0,0,inf
4,1,numeric,Rosenbrock10,0.0,0.30217295972207675,0,0,inf
4,1,numeric,Griewank10,0.0,0.30217295972207675,0,1,1.2774650387174252e+31
4,2,numeric,Rastrigin10,0.12342659999344135,1.1003027547647435,0,0,inf
4,2,numeric,Himmelblau2,0.12342659999344135,1.1003027547647435,4,1,0.6263605787333416
4,2,numeric,Griewank10,0.12342659999344135,1.1003027547647435,1,1,0.9663486860275312
4,3,numeric,Himmelblau2,0.463598494615519,0.7977883616033814,1,1,0.5069353051793585
4,3,numeric,Rastrigin10,0.463598494615519,0.7977883616033814,0,0,inf
4,3,numeric,Rosenbrock10,0.463598494615519,0.7977883616033814,0,0,inf
4,4,numeric,Rosenbrock10,-0.27163539612184884,0.5235126191528642,0,0,inf
4,4,numeric,Himmelblau2,-0.27163539612184884,0.5235126191528642,5,2,0.37293876538691734
4,4,numeric,Rastrigin10,-0.27163539612184884,0.5235126191528642,0,0,inf
4,5,numeric,Himmelblau2,-0.09535200307404473,0.7652711159525514,2,2,5.770290542057836e+63
4,5,numeric,Rastrigin10,-0.09535200307404473,0.7652711159525514,0,0,inf
4,5,numeric,Griewank10,-0.09535200307404473,0.7652711159525514,1,1,0.9815792514613418
4,6,numeric,Rosenbrock10,0.1286824444680764,1.1134215146511832,0,0,inf
4,6,numeric,Himmelblau2,0.1286824444680764,1.1134215146511832,2,1,4.92631530051913
4,6,numeric,Griewank10,0.1286824444680764,1.1134215146511832,1,1,0.785894368319854
4,7,numeric,Rosenbrock10,0.38785555247561954,0.1926940500802854,0,0,inf
4,7,numeric,Griewank10,0.38785555247561954,0.1926940500802854,0,1,inf
4,7,numeric,Himmelblau2,0.38785555247561954,0.1926940500802854,3,1,0.012293748305555229
4,8,numeric,Rastrigin10,0.7308933303815492,0.7366753262614116,0,0,inf
4,8,numeric,Griewank10,0.7308933303815492,0.7366753262614116,1,1,1.0503361577074175
4,8,numeric,Himmelblau2,0.7308933303815492,0.7366753262614116,2,1,0.1860026602308968
4,9,numeric,Rastrigin10,0.7983077957442684,0.5947804955489968,0,0,inf
4,9,numeric,Rosenbrock10,0.7983077957442684,0.5947804955489968,0,0,inf
4,9,numeric,Himmelblau2,0.7983077957442684,0.5947804955489968,1,2,0.0016950726649089143
5,0,numeric,Griewank10,0.0926031496506477,0.5342209069868789,1,1,1.4537619286040793e+36
5,0,numeric,Himmelblau2,0.0926031496506477,0.5342209069868789,2,1,0.443828259378267
5,0,numeric,Rosenbrock10,0.0926031496506477,0.5342209069868789,0,0,inf
5,1,numeric,Rosenbrock10,-0.10376895445898626,0.3634186791275033,0,1,129754.8032085554
5,1,numeric,Himmelblau2,-0.10376895445898626,0.3634186791275033,3,1,1.0151903210927768
5,1,numeric,Rastrigin10,-0.10376895445898626,0.3634186791275033,0,1,139.1286064148292
5,2,numeric,Griewank10,-0.2,-0.07928141445459447,1,1,3.464057213949921e+63
5,2,numeric,Rastrigin10,-0.2,-0.07928141445459447,0,2,1.3856228855799685e+67
5,2,numeric,Rosenbrock10,-0.2,-0.07928141445459447,0,0,inf
5,3,numeric,Rastrigin10,-0.0434718962355608,0.3180789896731293,0,1,9.298071839223824e+54
5,3,numeric,Himmelblau2,-0.0434718962355608,0.3180789896731293,2,1,1.8048279769291553
5,3,numeric,Rosenbrock10,-0.0434718962355608,0.3180789896731293,0,0,inf
5,4,numeric,Rastrigin10,-0.2,-0.10586454426450043,0,0,inf
5,4,numeric,Griewank10,-0.2,-0.10586454426450043,1,2,1.616343216208919e+17
5,4,numeric,Rosenbrock10,-0.2,-0.10586454426450043,0,1,1.4899918092044734e+74
5,5,numeric,Himmelblau2,0.9023603966859162,1.1208668491370481,1,1,0.22356461920497067
5,5,numeric,Griewank10,0.9023603966859162,1.1208668491370481,1,1,1.0191354848384095
5,5,numeric,Rastrigin10,0.9023603966859162,1.1208668491370481,0,0,inf
5,6,numeric,Rastrigin10,0.0,0.0,0,0,inf
5,6,numeric,Rosenbrock10,0.0,0.0,0,0,inf
5,6,numeric,Griewank10,0.0,0.0,0,0,inf
5,7,numeric,Himmelblau2,0.3499753415507733,0.5004581571539843,1,1,0.3333771720177281
5,7,numeric,Griewank10,0.3499753415507733,0.5004581571539843,1,1,1.2055467469078057e+45
5,7,numeric,Rosenbrock10,0.3499753415507733,0.5004581571539843,0,0,inf
5,8,numeric,Rosenbrock10,0.9259866073906429,-0.6047042034594274,0,0,inf
5,8,numeric,Himmelblau2,0.9259866073906429,-0.6047042034594274,1,4,0.3063168021093692
5,8,numeric,Griewank10,0.9259866073906429,-0.6047042034594274,1,2,0.7841992562467
5,9,numeric,Rosenbrock10,0.5999998314381915,1.0254325392905437,0,0,inf
5,9,numeric,Griewank10,0.5999998314381915,1.0254325392905437,0,1,inf
5,9,numeric,Himmelblau2,0.5999998314381915,1.0254325392905437,2,1,1.6856183685710836e-07
6,0,numeric,Rosenbrock10,-0.1707916316808682,0.5778408938653897,0,0,inf
6,0,numeric,Rastrigin10,-0.1707916316808682,0.5778408938653897,0,0,inf
6,0,numeric,Himmelblau2,-0.1707916316808682,0.5778408938653897,5,2,0.1770240575832698
6,1,numeric,Rosenbrock10,0.0,-0.4,0,0,inf
6,1,numeric,Griewank10,0.0,-0.4,0,2,3.0834645412482685e+34
6,1,numeric,Rastrigin10,0.0,-0.4,0,0,inf
6,2,numeric,Rastrigin10,-0.2,0.0880380684444963,0,0,inf
6,2,numeric,Griewank10,-0.2,0.0880380684444963,1,2,1.4115853639863687e+31
6,2,numeric,Rosenbrock10,-0.2,0.0880380684444963,0,0,inf
6,3,numeric,Himmelblau2,-0.017370796183717507,1.0063994139359342,2,1,10.760028747111939
6,3,numeric,Rosenbrock10,-0.017370796183717507,1.0063994139359342,0,0,inf
6,3,numeric,Griewank10,-0.017370796183717507,1.0063994139359342,1,1,1.0096648881192671
6,4,numeric,Himmelblau2,0.8289740237731005,0.35067017763442687,1,1,0.41435710854223273
6,4,numeric,Rastrigin10,0.8289740237731005,0.35067017763442687,0,3,121.89149267680818
6,4,numeric,Griewank10,0.8289740237731005,0.35067017763442687,1,1,0.9159326739937362
6,5,numeric,Rastrigin10,0.11289934763573212,1.114899480445024,0,0,inf
6,5,numeric,Himmelblau2,0.11289934763573212,1.114899480445024,4,1,0.7390623257311729
6,5,numeric,Griewank10,0.11289934763573212,1.114899480445024,1,1,0.8591617031522754
6,6,numeric,Rastrigin10,0.5321811749771912,0.9108906986364206,0,1,inf
6,6,numeric,Griewank10,0.5321811749771912,0.9108906986364206,1,1,1.0095768901251234
6,6,numeric,Himmelblau2,0.5321811749771912,0.9108906986364206,3,1,0.19823047115410858
6,7,numeric,Himmelblau2,0.55106856714523,0.8840698586302453,3,1,0.28910411267312275
6,7,numeric,Rastrigin10,0.55106856714523,0.8840698586302453,0,0,inf
6,7,numeric,Griewank10,0.55106856714523,0.8840698586302453,1,1,0.7381146712635581
6,8,numeric,Rosenbrock10,0.5780532114882977,0.49416068763728577,0,0,inf
6,8,numeric,Himmelblau2,0.5780532114882977,0.49416068763728577,4,3,0.024814797335942697
6,8,numeric,Griewank10,0.5780532114882977,0.49416068763728577,1,1,0.6603927482151961
6,9,numeric,Himmelblau2,0.9558531299207189,0.678572033592955,2,1,0.004474662276362767
6,9,numeric,Rastrigin10,0.9558531299207189,0.678572033592955,0,0,inf
6,9,numeric,Griewank10,0.9558531299207189,0.678572033592955,1,2,0.7847331325314226
7,0,numeric,Himmelblau2,0.4960916721737781,1.078991898115965,2,1,0.6982331880804064
7,0,numeric,Rastrigin10,0.4960916721737781,1.078991898115965,0,0,inf
7,0,numeric,Griewank10,0.4960916721737781,1.078991898115965,1,1,0.9714362994456232
7,1,numeric,Rosenbrock10,0.5667962511398653,0.5463607736231978,0,0,inf
7,1,numeric,Himmelblau2,0.5667962511398653,0.5463607736231978,2,1,0.034344101790824116
7,1,numeric,Rastrigin10,0.5667962511398653,0.5463607736231978,0,1,inf
7,2,numeric,Rastrigin10,0.6928557123174605,0.9052609801310971,0,1,inf
7,2,numeric,Griewank10,0.6928557123174605,0.9052609801310971,1,1,1.025868270774365
7,2,numeric,Himmelblau2,0.6928557123174605,0.9052609801310971,3,1,0.0007603755766109471
7,3,numeric,Rosenbrock10,0.3818502950833808,0.42636330930963845,0,0,inf
7,3,numeric,Himmelblau2,0.3818502950833808,0.42636330930963845,1,1,0.7186551393888994
7,3,numeric,Rastrigin10,0.3818502950833808,0.42636330930963845,0,0,inf
7,4,numeric,Griewank10,1.0020956929873734,1.0810713392203193,1,1,1.4779307516764997
7,4,numeric,Rosenbrock10,1.0020956929873734,1.0810713392203193,0,0,inf
7,4,numeric,Himmelblau2,1.0020956929873734,1.0810713392203193,1,1,0.001468990443872828
7,5,numeric,Rastrigin10,0.3012980038525451,0.7996392820268123,0,0,inf
7,5,numeric,Rosenbrock10,0.3012980038525451,0.7996392820268123,0,0,inf
7,5,numeric,Himmelblau2,0.3012980038525451,0.7996392820268123,3,1,0.10951094502102404
7,6,numeric,Rastrigin10,-0.11227708191305608,0.5472976035116783,0,0,inf
7,6,numeric,Himmelblau2,-0.11227708191305608,0.5472976035116783,5,2,0.1264776200157307
7,6,numeric,Rosenbrock10,-0.11227708191305608,0.5472976035116783,0,0,inf
7,7,numeric,Himmelblau2,0.19440944594339177,0.295880177898335,5,0,0.13593037275002598
7,7,numeric,Griewank10,0.19440944594339177,0.295880177898335,1,1,0.9452459990544002
7,7,numeric,Rastrigin10,0.19440944594339177,0.295880177898335,0,0,inf
7,8,numeric,Rosenbrock10,-0.015862567920656656,0.8947523596669882,0,0,inf
7,8,numeric,Griewank10,-0.015862567920656656,0.8947523596669882,0,1,inf
7,8,numeric,Himmelblau2,-0.015862567920656656,0.8947523596669882,5,2,0.016118244671520548
7,9,numeric,Rastrigin10,-0.2,0.08638593468485006,0,0,inf
7,9,numeric,Griewank10,-0.2,0.08638593468485006,1,2,3.074650284437255e+45
7,9,numeric,Rosenbrock10,-0.2,0.08638593468485006,0,0,inf
8,0,numeric,Rosenbrock10,-0.10712692725272877,0.27239441756924776,0,2,23931.759011152066
8,0,numeric,Himmelblau2,-0.10712692725272877,0.27239441756924776,4,1,0.4432657860911774
8,0,numeric,Rastrigin10,-0.10712692725272877,0.27239441756924776,0,0,inf
8,1,numeric,Himmelblau2,-0.19596679819103163,0.12288732725295404,3,1,1.4750441189553813
8,1,numeric,Rastrigin10,-0.19596679819103163,0.12288732725295404,0,0,inf
8,1,numeric,Rosenbrock10,-0.19596679819103163,0.12288732725295404,0,1,3.7033498386313614e+147
8,2,numeric,Himmelblau2,0.8854434744991941,0.8142216268296123,2,1,0.013467476802231424
8,2,numeric,Griewank10,0.8854434744991941,0.8142216268296123,1,2,1.0050849413407028
8,2,numeric,Rosenbrock10,0.8854434744991941,0.8142216268296123,0,0,inf
8,3,numeric,Rosenbrock10,0.0,0.10250973072797176,0,1,3.287343367374234e+82
8,3,numeric,Griewank10,0.0,0.10250973072797176,0,1,0.9731651968101507
8,3,numeric,Rastrigin10,0.0,0.10250973072797176,0,0,inf
8,4,numeric,Rastrigin10,0.6855535210546289,0.701333204816261,0,0,inf
8,4,numeric,Griewank10,0.6855535210546289,0.701333204816261,1,1,inf
8,4,numeric,Himmelblau2,0.6855535210546289,0.701333204816261,3,2,0.0002652546988361541
8,5,numeric,Rosenbrock10,0.3041738749038408,-0.2,0,0,inf
8,5,numeric,Griewank10,0.3041738749038408,-0.2,1,1,0.983442716445247
8,5,numeric,Rastrigin10,0.3041738749038408,-0.2,0,0,inf
8,6,numeric,Rastrigin10,0.10651742752463378,1.061215703364519,0,0,inf
8,6,numeric,Himmelblau2,0.10651742752463378,1.061215703364519,1,1,6.998262490751337e+122
8,6,numeric,Griewank10,0.10651742752463378,1.061215703364519,1,1,0.9742657323500804
8,7,numeric,Rosenbrock10,0.2964846102903626,0.0,0,0,inf
8,7,numeric,Rastrigin10,0.2964846102903626,0.0,0,0,inf
8,7,numeric,Griewank10,0.2964846102903626,0.0,1,0,1.0141611225676521
8,8,numeric,Rastrigin10,0.3721242859357363,1.035282430236618,0,0,inf
8,8,numeric,Himmelblau2,0.3721242859357363,1.035282430236618,1,1,2.967974136626759
8,8,numeric,Griewank10,0.3721242859357363,1.035282430236618,1,1,0.9226830900832995
8,9,numeric,Himmelblau2,0.717393235240654,0.8630181748573773,3,2,0.00340407377156887
8,9,numeric,Rosenbrock10,0.717393235240654,0.8630181748573773,0,0,inf
8,9,numeric,Griewank10,0.717393235240654,0.8630181748573773,1,1,0.9201753881233715
9,0,numeric,Himmelblau2,0.42875719500268394,0.8642762240730151,3,2,1.45541331392737
9,0,numeric,Griewank10,0.42875719500268394,0.8642762240730151,1,1,1.0167940793736223
9,0,numeric,Rastrigin10,0.42875719500268394,0.8642762240730151,0,0,inf
9,1,numeric,Rosenbrock10,0.6238128247965449,1.1027636105881793,0,0,inf
9,1,numeric,Himmelblau2,0.6238128247965449,1.1027636105881793,3,1,0.09241142522238363
9,1,numeric,Griewank10,0.6238128247965449,1.1027636105881793,1,1,0.9669288444423226
9,2,numeric,Rastrigin10,0.3718236930789471,1.089376916423092,0,0,inf
9,2,numeric,Himmelblau2,0.3718236930789471,1.089376916423092,4,1,1.0326624638536086
9,2,numeric,Griewank10,0.3718236930789471,1.089376916423092,1,1,0.9247660817327389
9,3,numeric,Rosenbrock10,0.46718830479247747,0.07964634738333615,0,0,inf
9,3,numeric,Himmelblau2,0.46718830479247747,0.07964634738333615,3,1,0.29426034622190117
9,3,numeric,Griewank10,0.46718830479247747,0.07964634738333615,1,1,1.0131344602069356
9,4,numeric,Rosenbrock10,0.5949585365042738,0.7003087905405357,0,0,inf
9,4,numeric,Griewank10,0.5949585365042738,0.7003087905405357,0,3,inf
9,4,numeric,Himmelblau2,0.5949585365042738,0.7003087905405357,2,1,0.005067008634791012
9,5,numeric,Rosenbrock10,0.29974043821443286,-0.2,0,1,4.564582431205934e+111
9,5,numeric,Rastrigin10,0.29974043821443286,-0.2,0,0,inf
9,5,numeric,Griewank10,0.29974043821443286,-0.2,1,0,1.0010387864007746
9,6,numeric,Himmelblau2,0.39999942370315666,0.05742238758655277,3,1,5.762971753502804e-07
9,6,numeric,Rastrigin10,0.39999942370315666,0.05742238758655277,0,0,inf
9,6,numeric,Rosenbrock10,0.39999942370315666,0.05742238758655277,0,2,inf
9,7,numeric,Himmelblau2,0.9829935730907009,1.0594930368312852,1,1,inf
9,7,numeric,Rastrigin10,0.9829935730907009,1.0594930368312852,0,0,inf
9,7,numeric,Griewank10,0.9829935730907009,1.0594930368312852,1,1,1.0515338592097
9,8,numeric,Rastrigin10,0.9264787136263417,0.829760486491534,0,0,inf
9,8,numeric,Himmelblau2,0.9264787136263417,0.829760486491534,2,1,4.917899500729529e-07
9,8,numeric,Griewank10,0.9264787136263417,0.829760486491534,1,2,0.899410251559224
9,9,numeric,Rosenbrock10,0.295429754906795,0.2954297370207795,0,0,inf
9,9,numeric,Rastrigin10,0.295429754906795,0.2954297370207795,0,0,inf
9,9,numeric,Griewank10,0.295429754906795,0.2954297370207795,1,1,1.0184496189336256
10,0,numeric,Griewank10,0.48294277793788015,0.39999999999999997,1,2,inf
10,0,numeric,Rastrigin10,0.48294277793788015,0.39999999999999997,0,0,inf
10,0,numeric,Himmelblau2,0.48294277793788015,0.39999999999999997,4,1,0.019704235033020084
10,1,numeric,Griewank10,-0.2418628601738922,0.2142477742572958,1,2,0.9897413545420148
10,1,numeric,Himmelblau2,-0.2418628601738922,0.2142477742572958,3,1,16.998801245424318
10,1,numeric,Rastrigin10,-0.2418628601738922,0.2142477742572958,0,0,inf
10,2,numeric,Griewank10,-0.2,-0.11231672228737966,1,3,1.3733433660482109e+35
10,2,numeric,Rastrigin10,-0.2,-0.11231672228737966,0,0,inf
10,2,numeric,Rosenbrock10,-0.2,-0.11231672228737966,0,0,inf
10,3,numeric,Himmelblau2,0.12973113196509448,0.8834443824895994,2,2,3.311336904047287
10,3,numeric,Rosenbrock10,0.12973113196509448,0.8834443824895994,0,0,inf
10,3,numeric,Griewank10,0.12973113196509448,0.8834443824895994,1,1,1.0089013728717768
10,4,numeric,Himmelblau2,0.2920198088361356,0.6375171999404607,3,2,0.8523168380531325
10,4,numeric,Rastrigin10,0.2920198088361356,0.6375171999404607,0,0,inf
10,4,numeric,Griewank10,0.2920198088361356,0.6375171999404607,1,1,0.8110844588223335
10,5,numeric,Griewank10,0.8191882477104195,0.8667238099794894,1,1,1.0155045839461456
10,5,numeric,Himmelblau2,0.8191882477104195,0.8667238099794894,3,2,0.07162517975230925
10,5,numeric,Rastrigin10,0.8191882477104195,0.8667238099794894,0,0,inf
10,6,numeric,Rosenbrock10,0.7595206903425744,0.6949450902125206,0,0,inf
10,6,numeric,Himmelblau2,0.7595206903425744,0.6949450902125206,3,3,0.0012635575859386878
10,6,numeric,Griewank10,0.7595206903425744,0.6949450902125206,1,1,0.7832220629480158
10,7,numeric,Rastrigin10,0.0,0.10825647540543126,0,0,inf
10,7,numeric,Rosenbrock10,0.0,0.10825647540543126,0,1,1.7218024766943785e+162
10,7,numeric,Griewank10,0.0,0.10825647540543126,0,1,8.493988173777208e+22
10,8,numeric,Himmelblau2,0.157846391339037,0.4071717260366462,4,1,0.04400873568259069
10,8,numeric,Rastrigin10,0.157846391339037,0.4071717260366462,0,1,4.963101011429309e+81
10,8,numeric,Rosenbrock10,0.157846391339037,0.4071717260366462,0,0,inf
10,9,numeric,Himmelblau2,0.08250126445150752,1.03136895189025,3,1,0.46519875066260924
10,9,numeric,Rosenbrock10,0.08250126445150752,1.03136895189025,0,0,inf
10,9,numeric,Griewank10,0.08250126445150752,1.03136895189025,0,1,1.2065678234562485e+61
11,0,numeric,Rosenbrock10,0.688832914711738,0.3798230131237679,0,1,22488.09003359748
11,0,numeric,Himmelblau2,0.688832914711738,0.3798230131237679,1,2,0.12507084677924538
11,0,numeric,Rastrigin10,0.688832914711738,0.3798230131237679,0,0,inf
11,1,numeric,Rosenbrock10,0.3926283714903094,0.793801050885306,0,0,inf
11,1,numeric,Himmelblau2,0.3926283714903094,0.793801050885306,3,1,0.007426372972417442
11,1,numeric,Rastrigin10,0.3926283714903094,0.793801050885306,0,0,inf
11,2,numeric,Rastrigin10,0.0,0.3036280320312071,0,0,inf
11,2,numeric,Rosenbrock10,0.0,0.3036280320312071,0,0,inf
11,2,numeric,Griewank10,0.0,0.3036280320312071,0,1,2480.9759274822786
11,3,numeric,Himmelblau2,-0.20584730613186009,1.082946651230078,3,1,22.020463486246214
11,3,numeric,Griewank10,-0.20584730613186009,1.082946651230078,1,1,1.0173520041447182
11,3,numeric,Rastrigin10,-0.20584730613186009,1.082946651230078,0,0,inf
11,4,numeric,Griewank10,-0.2,0.0,1,0,1.2404032109856006e+26
11,4,numeric,Rosenbrock10,-0.2,0.0,0,0,inf
11,4,numeric,Rastrigin10,-0.2,0.0,0,0,inf
11,5,numeric,Rosenbrock10,0.30377471196037603,0.10377007571504604,0,0,inf
11,5,numeric,Rastrigin10,0.30377471196037603,0.10377007571504604,0,0,inf
11,5,numeric,Griewank10,0.30377471196037603,0.10377007571504604,1,2,0.9850142856687377
11,6,numeric,Himmelblau2,0.2364312769727539,-0.26703000338653493,3,1,0.1955554837920942
11,6,numeric,Rosenbrock10,0.2364312769727539,-0.26703000338653493,0,0,inf
11,6,numeric,Rastrigin10,0.2364312769727539,-0.26703000338653493,0,1,3.0132272225634753e+33
11,7,numeric,Himmelblau2,-0.33644382145773394,0.8913147427357562,1,2,14.734111504752924
11,7,numeric,Griewank10,-0.33644382145773394,0.8913147427357562,1,1,2.5004378624609048e+60
11,7,numeric,Rosenbrock10,-0.33644382145773394,0.8913147427357562,0,0,inf
11,8,numeric,Rosenbrock10,0.253790500770274,0.5290982421596455,0,1,191679.23401766695
11,8,numeric,Himmelblau2,0.253790500770274,0.5290982421596455,2,1,0.5295419539161758
11,8,numeric,Rastrigin10,0.253790500770274,0.5290982421596455,0,0,inf
11,9,numeric,Rosenbrock10,0.39987678642267604,0.20695867441436688,0,0,inf
11,9,numeric,Himmelblau2,0.39987678642267604,0.20695867441436688,4,1,0.11581889868132766
11,9,numeric,Griewank10,0.39987678642267604,0.20695867441436688,1,2,0.9854111768179749
12,0,numeric,Rastrigin10,0.5999671471035479,0.7102048962943202,0,0,inf
12,0,numeric,Rosenbrock10,0.5999671471035479,0.7102048962943202,0,0,inf
12,0,numeric,Himmelblau2,0.5999671471035479,0.7102048962943202,2,1,3.285397580043356e-05
12,1,numeric,Griewank10,0.2987354656870006,-0.10126459976579971,1,1,1.005070962063055
12,1,numeric,Rosenbrock10,0.2987354656870006,-0.10126459976579971,0,1,2.83650746724942e+154
12,1,numeric,Rastrigin10,0.2987354656870006,-0.10126459976579971,0,1,3.4717667445323934e+47
12,2,numeric,Rosenbrock10,0.3545924017724023,0.8177612678541113,0,0,inf
12,2,numeric,Himmelblau2,0.3545924017724023,0.8177612678541113,5,1,3.6234678283009807e-09
12,2,numeric,Griewank10,0.3545924017724023,0.8177612678541113,1,2,0.8031260260158022
12,3,numeric,Himmelblau2,-0.1946826790003967,0.7021178252898689,2,2,1.4672027278128057
12,3,numeric,Griewank10,-0.1946826790003967,0.7021178252898689,1,2,3.3913611943377516e+53
12,3,numeric,Rosenbrock10,-0.1946826790003967,0.7021178252898689,0,0,inf
12,4,numeric,Rastrigin10,-0.13566312396700164,0.10223979501940805,0,3,inf
12,4,numeric,Rosenbrock10,-0.13566312396700164,0.10223979501940805,0,0,inf
12,4,numeric,Himmelblau2,-0.13566312396700164,0.10223979501940805,4,1,0.5052604124151145
12,5,numeric,Himmelblau2,0.5487335419674533,0.36247712617406075,1,1,0.33558862258566874
12,5,numeric,Rosenbrock10,0.5487335419674533,0.36247712617406075,0,0,inf
12,5,numeric,Rastrigin10,0.5487335419674533,0.36247712617406075,0,2,3.9440797634055205e+22
12,6,numeric,Rosenbrock10,0.2657450101958317,0.0,0,0,inf
12,6,numeric,Rastrigin10,0.2657450101958317,0.0,0,0,inf
12,6,numeric,Griewank10,0.2657450101958317,0.0,1,0,1.1470976137340263
12,7,numeric,Griewank10,0.0,-0.2,0,0,inf
12,7,numeric,Rastrigin10,0.0,-0.2,0,1,2.9092913342060554e+31
12,7,numeric,Rosenbrock10,0.0,-0.2,0,0,inf
12,8,numeric,Rosenbrock10,0.19984567832824995,0.8489356098932759,0,0,inf
12,8,numeric,Griewank10,0.19984567832824995,0.8489356098932759,0,1,inf
12,8,numeric,Himmelblau2,0.19984567832824995,0.8489356098932759,4,1,0.0001543454906040044
12,9,numeric,Griewank10,0.6704775342162426,0.2400012893637815,1,1,1.0163119439735542
12,9,numeric,Rastrigin10,0.6704775342162426,0.2400012893637815,0,0,inf
12,9,numeric,Himmelblau2,0.6704775342162426,0.2400012893637815,3,1,0.026143541981005974
13,0,numeric,Rastrigin10,0.358116549766326,0.6057906453285311,0,0,inf
13,0,numeric,Himmelblau2,0.358116549766326,0.6057906453285311,3,1,0.04371435838770224
13,0,numeric,Rosenbrock10,0.358116549766326,0.6057906453285311,0,0,inf
13,1,numeric,Himmelblau2,0.6524482190028713,1.0900424478725612,1,1,0.7266335075721506
13,1,numeric,Griewank10,0.6524482190028713,1.0900424478725612,1,1,1.0078650976076653
13,1,numeric,Rastrigin10,0.6524482190028713,1.0900424478725612,0,0,inf
13,2,numeric,Rosenbrock10,0.13695550483839003,0.40925567916990613,0,0,inf
13,2,numeric,Himmelblau2,0.13695550483839003,0.40925567916990613,4,2,0.06728654118157308
13,2,numeric,Rastrigin10,0.13695550483839003,0.40925567916990613,0,1,111.51369556342861
13,3,numeric,Himmelblau2,0.7913898637942505,0.20686201132757492,1,2,0.00868491450255191
13,3,numeric,Rosenbrock10,0.7913898637942505,0.20686201132757492,0,0,inf
13,3,numeric,Rastrigin10,0.7913898637942505,0.20686201132757492,0,2,2.588879434013767e+62
13,4,numeric,Himmelblau2,0.5116180872064967,0.6163901274819926,2,2,0.09695059151835721
13,4,numeric,Rosenbrock10,0.5116180872064967,0.6163901274819926,0,0,inf
13,4,numeric,Griewank10,0.5116180872064967,0.6163901274819926,0,2,2.4423865505050774e+36
13,5,numeric,Griewank10,0.22223988386944693,1.5559602044257406,1,1,1.0420347431193129
13,5,numeric,Himmelblau2,0.22223988386944693,1.5559602044257406,1,1,6.545333240646273
13,5,numeric,Rastrigin10,0.22223988386944693,1.5559602044257406,0,0,inf
13,6,numeric,Rastrigin10,-0.2,0.11865962991718138,0,0,inf
13,6,numeric,Griewank10,-0.2,0.11865962991718138,1,2,8.60037293068982e+42
13,6,numeric,Rosenbrock10,-0.2,0.11865962991718138,0,0,inf
13,7,numeric,Rosenbrock10,0.17700340669075054,0.24151040145304298,0,0,inf
13,7,numeric,Rastrigin10,0.17700340669075054,0.24151040145304298,0,0,inf
13,7,numeric,Himmelblau2,0.17700340669075054,0.24151040145304298,4,1,0.023537884465666452
13,8,numeric,Rastrigin10,-0.2,-0.2,0,0,inf
13,8,numeric,Griewank10,-0.2,-0.2,1,0,3.850206226388317e+27
13,8,numeric,Rosenbrock10,-0.2,-0.2,0,1,1.1504118012640782e+64
13,9,numeric,Himmelblau2,0.22166072248210122,0.700913286085348,3,1,0.21704734404142534
13,9,numeric,Rosenbrock10,0.22166072248210122,0.700913286085348,0,0,inf
13,9,numeric,Rastrigin10,0.22166072248210122,0.700913286085348,0,0,inf
14,0,numeric,Himmelblau2,0.3773764172833373,0.8882902692965096,4,1,0.10941382592650242
14,0,numeric,Rosenbrock10,0.3773764172833373,0.8882902692965096,0,1,8.260301996590558e+134
14,0,numeric,Griewank10,0.3773764172833373,0.8882902692965096,1,1,1.1008424855943892
14,1,numeric,Rastrigin10,0.5380812006028302,0.15753639309207879,0,2,inf
14,1,numeric,Rosenbrock10,0.5380812006028302,0.15753639309207879,0,0,inf
14,1,numeric,Himmelblau2,0.5380812006028302,0.15753639309207879,2,2,0.06600579923931901
14,2,numeric,Himmelblau2,0.31708440987924863,1.5987178236633983,2,1,0.0904121684193376
14,2,numeric,Griewank10,0.31708440987924863,1.5987178236633983,1,1,1.5801410401278545e+30
14,2,numeric,Rosenbrock10,0.31708440987924863,1.5987178236633983,0,0,inf
14,3,numeric,Himmelblau2,0.7135850352234276,0.36041475588721994,1,3,0.09458885757190481
14,3,numeric,Rosenbrock10,0.7135850352234276,0.36041475588721994,0,0,inf
14,3,numeric,Griewank10,0.7135850352234276,0.36041475588721994,0,1,2.847059203724854e+27
14,4,numeric,Himmelblau2,0.3787424312569881,0.8828892573388196,3,2,0.5005968303706655
14,4,numeric,Rastrigin10,0.3787424312569881,0.8828892573388196,0,0,inf
14,4,numeric,Griewank10,0.3787424312569881,0.8828892573388196,1,1,0.9518253700928666
14,5,numeric,Rastrigin10,0.15726574459099218,0.7997892513511564,0,0,inf
14,5,numeric,Himmelblau2,0.15726574459099218,0.7997892513511564,3,1,0.3205403877605887
14,5,numeric,Rosenbrock10,0.15726574459099218,0.7997892513511564,0,0,inf
14,6,numeric,Rastrigin10,0.3183761088202541,0.31837624391454106,0,0,inf
14,6,numeric,Rosenbrock10,0.3183761088202541,0.31837624391454106,0,0,inf
14,6,numeric,Griewank10,0.3183761088202541,0.31837624391454106,1,1,0.92910125097364
14,7,numeric,Rastrigin10,0.31837219492346097,0.0,0,0,inf
14,7,numeric,Rosenbrock10,0.31837219492346097,0.0,0,0,inf
14,7,numeric,Griewank10,0.31837219492346097,0.0,1,0,0.9291158163829614
14,8,numeric,Griewank10,0.8931924061780016,1.0550279547438857,1,1,1.0214378207662662
14,8,numeric,Rastrigin10,0.8931924061780016,1.0550279547438857,0,0,inf
14,8,numeric,Himmelblau2,0.8931924061780016,1.0550279547438857,2,1,0.001507245275281983
14,9,numeric,Himmelblau2,0.2991141571060013,0.17300406328903517,3,3,0.11220582180434362
14,9,numeric,Rosenbrock10,0.2991141571060013,0.17300406328903517,0,0,inf
14,9,numeric,Rastrigin10,0.2991141571060013,0.17300406328903517,0,1,54.55527191554466
15,0,numeric,Himmelblau2,0.5502209094307438,0.8689477456925065,1,1,0.052386860860678924
15,0,numeric,Griewank10,0.5502209094307438,0.8689477456925065,1,2,3.0046657715205668e+28
15,0,numeric,Rosenbrock10,0.5502209094307438,0.8689477456925065,0,0,inf
15,1,numeric,Rastrigin10,0.7571866731542003,0.09421738571517979,0,0,inf
15,1,numeric,Himmelblau2,0.7571866731542003,0.09421738571517979,3,1,0.004905209673925876
15,1,numeric,Griewank10,0.7571866731542003,0.09421738571517979,1,1,0.7791443529632798
15,2,numeric,Griewank10,1.0847933327679145,1.5337683985245192,1,1,1.010872652490675
15,2,numeric,Rastrigin10,1.0847933327679145,1.5337683985245192,0,0,inf
15,2,numeric,Himmelblau2,1.0847933327679145,1.5337683985245192,1,1,0.012661510444137696
15,3,numeric,Rosenbrock10,0.3375930536661173,-0.430287552227629,0,0,inf
15,3,numeric,Rastrigin10,0.3375930536661173,-0.430287552227629,0,4,96.632985923648
15,3,numeric,Griewank10,0.3375930536661173,-0.430287552227629,1,1,0.8601430825426355
15,4,numeric,Himmelblau2,0.3663645202987215,1.2024574262274574,3,1,0.5603506157780993
15,4,numeric,Rastrigin10,0.3663645202987215,1.2024574262274574,0,0,inf
15,4,numeric,Griewank10,0.3663645202987215,1.2024574262274574,1,1,0.9030114250072533
15,5,numeric,Griewank10,-0.2,0.09351436852639194,1,1,2.1468985984538263e+41
15,5,numeric,Rastrigin10,-0.2,0.09351436852639194,0,0,inf
15,5,numeric,Rosenbrock10,-0.2,0.09351436852639194,0,1,7.684405938859082e+76
15,6,numeric,Rastrigin10,-0.2,-0.2,0,1,1.578908202405429e+76
15,6,numeric,Griewank10,-0.2,-0.2,1,0,7.755824176317651e+51
15,6,numeric,Rosenbrock10,-0.2,-0.2,0,0,inf
15,7,numeric,Rastrigin10,0.2935138762960463,-0.306486385913981,0,0,inf
15,7,numeric,Rosenbrock10,0.2935138762960463,-0.306486385913981,0,0,inf
15,7,numeric,Griewank10,0.2935138762960463,-0.306486385913981,1,4,1.026285476520473
15,8,numeric,Himmelblau2,0.7583610436141504,1.09469837560084,3,1,5.409304697591313e-07
15,8,numeric,Griewank10,0.7583610436141504,1.09469837560084,1,1,0.7909541553007958
15,8,numeric,Rastrigin10,0.7583610436141504,1.09469837560084,0,0,inf
15,9,numeric,Rosenbrock10,0.0,0.29772516945670585,0,0,inf
15,9,numeric,Griewank10,0.0,0.29772516945670585,0,1,1.011033129468982
15,9,numeric,Rastrigin10,0.0,0.29772516945670585,0,0,inf
16,0,numeric,Rosenbrock10,0.307187401012395,0.10718618524615764,0,1,4.8236171710728996e+162
16,0,numeric,Rastrigin10,0.307187401012395,0.10718618524615764,0,0,inf
16,0,numeric,Griewank10,0.307187401012395,0.10718618524615764,1,1,0.9716578093302464
16,1,numeric,Griewank10,-0.2,-0.2,1,1,6.257301911721271e+35
16,1,numeric,Rastrigin10,-0.2,-0.2,0,0,inf
16,1,numeric,Rosenbrock10,-0.2,-0.2,0,0,inf
16,2,numeric,Himmelblau2,0.5984407003035122,0.599461686935991,2,2,0.0015617349092577222
16,2,numeric,Rastrigin10,0.5984407003035122,0.599461686935991,0,0,inf
16,2,numeric,Rosenbrock10,0.5984407003035122,0.599461686935991,0,0,inf
16,3,numeric,Griewank10,0.0,-0.2,0,0,inf
16,3,numeric,Rosenbrock10,0.0,-0.2,0,1,1.0198217223000317e+63
16,3,numeric,Rastrigin10,0.0,-0.2,0,0,inf
16,4,numeric,Rastrigin10,0.32355069332015013,-0.2,0,0,inf
16,4,numeric,Rosenbrock10,0.32355069332015013,-0.2,0,0,inf
16,4,numeric,Griewank10,0.32355069332015013,-0.2,1,1,0.9100347163297557
16,5,numeric,Rastrigin10,0.34098494342739216,0.45608827559629467,0,0,inf
16,5,numeric,Rosenbrock10,0.34098494342739216,0.45608827559629467,0,0,inf
16,5,numeric,Himmelblau2,0.34098494342739216,0.45608827559629467,3,1,0.0627162602173575
16,6,numeric,Griewank10,0.6439491425333476,1.0853492787043173,1,1,0.971986795333304
16,6,numeric,Himmelblau2,0.6439491425333476,1.0853492787043173,3,1,0.05553253325529721
16,6,numeric,Rastrigin10,0.6439491425333476,1.0853492787043173,0,0,inf
16,7,numeric,Rosenbrock10,0.3929423487891842,0.7980663675175117,0,0,inf
16,7,numeric,Himmelblau2,0.3929423487891842,0.7980663675175117,3,1,0.007107815694860696
16,7,numeric,Rastrigin10,0.3929423487891842,0.7980663675175117,0,0,inf
16,8,numeric,Himmelblau2,0.23373753093646482,1.010762455022304,2,1,0.19941823762783847
16,8,numeric,Griewank10,0.23373753093646482,1.010762455022304,1,1,2.7140979079867247e+42
16,8,numeric,Rosenbrock10,0.23373753093646482,1.010762455022304,0,0,inf
16,9,numeric,Rastrigin10,-0.2,-0.2,0,1,4.1876767285635854e+70
16,9,numeric,Griewank10,-0.2,-0.2,1,0,1.1169347319422652e+34
16,9,numeric,Rosenbrock10,-0.2,-0.2,0,0,inf
17,0,numeric,Griewank10,-0.2,0.0,1,0,3.7225486026767676e+21
17,0,numeric,Rosenbrock10,-0.2,0.0,0,0,inf
17,0,numeric,Rastrigin10,-0.2,0.0,0,0,inf
17,1,numeric,Griewank10,0.008795637006418222,0.9066417159544519,1,1,1.3253579926366923e+35
17,1,numeric,Himmelblau2,0.008795637006418222,0.9066417159544519,2,1,0.6425873301543674
17,1,numeric,Rosenbrock10,0.008795637006418222,0.9066417159544519,0,0,inf
17,2,numeric,Griewank10,-0.2,0.29626387168548324,1,1,6.172126117795253e+56
17,2,numeric,Rastrigin10,-0.2,0.29626387168548324,0,0,inf
17,2,numeric,Rosenbrock10,-0.2,0.29626387168548324,0,0,inf
17,3,numeric,Himmelblau2,0.23044100034905057,0.022869730904483243,2,3,0.5861912525459781
17,3,numeric,Rastrigin10,0.23044100034905057,0.022869730904483243,0,1,2.778256677997142e+34
17,3,numeric,Rosenbrock10,0.23044100034905057,0.022869730904483243,0,0,inf
17,4,numeric,Griewank10,0.6266573186444682,0.44578669576460545,1,2,1.0903987038784064
17,4,numeric,Rosenbrock10,0.6266573186444682,0.44578669576460545,0,0,inf
17,4,numeric,Himmelblau2,0.6266573186444682,0.44578669576460545,3,1,0.054541211012160265
17,5,numeric,Rastrigin10,-0.2,-0.4,0,1,6.636896038299693e+30
17,5,numeric,Griewank10,-0.2,-0.4,1,1,4.391447792432128e+24
17,5,numeric,Rosenbrock10,-0.2,-0.4,0,0,inf
17,6,numeric,Rosenbrock10,0.2783742366521802,-0.2,0,0,inf
17,6,numeric,Griewank10,0.2783742366521802,-0.2,1,0,1.0904135787042546
17,6,numeric,Rastrigin10,0.2783742366521802,-0.2,0,1,2.1686050802957414e+52
17,7,numeric,Griewank10,0.6831745461781906,0.4037645668023296,1,1,inf
17,7,numeric,Rastrigin10,0.6831745461781906,0.4037645668023296,0,0,inf
17,7,numeric,Himmelblau2,0.6831745461781906,0.4037645668023296,3,3,0.017294104416197085
17,8,numeric,Himmelblau2,-0.2892155299258802,0.2387393791324301,4,1,0.9577729132111048
17,8,numeric,Rosenbrock10,-0.2892155299258802,0.2387393791324301,0,0,inf
17,8,numeric,Rastrigin10,-0.2892155299258802,0.2387393791324301,0,0,inf
17,9,numeric,Himmelblau2,0.6705129976665896,0.9175542113298774,1,1,1.151011343995155
17,9,numeric,Rastrigin10,0.6705129976665896,0.9175542113298774,0,1,158.96128190790628
17,9,numeric,Griewank10,0.6705129976665896,0.9175542113298774,1,1,0.651212956448568
18,0,numeric,Himmelblau2,-0.2737671865522419,0.19936673392940313,1,3,6.921870492206478
18,0,numeric,Griewank10,-0.2737671865522419,0.19936673392940313,1,1,5.257671291222087e+31
18,0,numeric,Rosenbrock10,-0.2737671865522419,0.19936673392940313,0,0,inf
18,1,numeric,Rosenbrock10,0.6832621392882854,0.7453261537078302,0,0,inf
18,1,numeric,Himmelblau2,0.6832621392882854,0.7453261537078302,1,1,0.13216672097569984
18,1,numeric,Rastrigin10,0.6832621392882854,0.7453261537078302,0,0,inf
18,2,numeric,Rastrigin10,-0.2,0.0,0,0,inf
18,2,numeric,Griewank10,-0.2,0.0,1,0,5.262206026064917e+55
18,2,numeric,Rosenbrock10,-0.2,0.0,0,0,inf
18,3,numeric,Rosenbrock10,-0.04188167942108556,0.3664557533190401,0,2,inf
18,3,numeric,Rastrigin10,-0.04188167942108556,0.3664557533190401,0,0,inf
18,3,numeric,Himmelblau2,-0.04188167942108556,0.3664557533190401,5,1,0.04371242937488122
18,4,numeric,Himmelblau2,0.11278138415137351,1.089010651112092,1,1,inf
18,4,numeric,Griewank10,0.11278138415137351,1.089010651112092,1,1,0.9057212787415644
18,4,numeric,Rastrigin10,0.11278138415137351,1.089010651112092,0,0,inf
18,5,numeric,Rastrigin10,0.8664206293692538,0.9595065516035565,0,0,inf
18,5,numeric,Griewank10,0.8664206293692538,0.9595065516035565,1,1,0.9650664396035323
18,5,numeric,Himmelblau2,0.8664206293692538,0.9595065516035565,2,1,0.04435153864442391
18,6,numeric,Griewank10,-0.2,-0.6000000000000001,1,0,4.486430056005913e+54
18,6,numeric,Rastrigin10,-0.2,-0.6000000000000001,0,0,inf
18,6,numeric,Rosenbrock10,-0.2,-0.6000000000000001,0,3,4.929905106812227e+66
18,7,numeric,Rosenbrock10,0.30652614877163414,0.0,0,0,inf
18,7,numeric,Rastrigin10,0.30652614877163414,0.0,0,0,inf
18,7,numeric,Griewank10,0.30652614877163414,0.0,1,0,0.9742317399113133
18,8,numeric,Himmelblau2,0.8495027326645397,-0.434599406986499,2,2,0.0730957729896221
18,8,numeric,Griewank10,0.8495027326645397,-0.434599406986499,1,3,0.9319211811140934
18,8,numeric,Rastrigin10,0.8495027326645397,-0.434599406986499,0,0,inf
18,9,numeric,Himmelblau2,-0.2,0.5491819626265353,1,2,8.811089591863474e+126
18,9,numeric,Rosenbrock10,-0.2,0.5491819626265353,0,0,inf
18,9,numeric,Rastrigin10,-0.2,0.5491819626265353,0,0,inf
19,0,numeric,Himmelblau2,0.8355797774433924,0.3318178571059847,1,1,0.3930543141172433
19,0,numeric,Rastrigin10,0.8355797774433924,0.3318178571059847,0,0,inf
19,0,numeric,Griewank10,0.8355797774433924,0.3318178571059847,1,3,0.9314987139455766
19,1,numeric,Rosenbrock10,0.39284567035261686,0.16669441674693314,0,1,inf
19,1,numeric,Rastrigin10,0.39284567035261686,0.16669441674693314,0,0,inf
19,1,numeric,Himmelblau2,0.39284567035261686,0.16669441674693314,3,3,0.00627841214389937
19,2,numeric,Rastrigin10,0.49509983108040384,1.038061164801856,0,0,inf
19,2,numeric,Griewank10,0.49509983108040384,1.038061164801856,1,1,inf
19,2,numeric,Himmelblau2,0.49509983108040384,1.038061164801856,1,1,1.5555832155746934
19,3,numeric,Griewank10,0.9168744055795817,0.5173546700117437,1,1,1.022402479967671
19,3,numeric,Himmelblau2,0.9168744055795817,0.5173546700117437,2,4,0.01021069584036367
19,3,numeric,Rastrigin10,0.9168744055795817,0.5173546700117437,0,0,inf
19,4,numeric,Rastrigin10,0.32945715760996175,0.21387506678187856,0,2,inf
19,4,numeric,Rosenbrock10,0.32945715760996175,0.21387506678187856,0,0,inf
19,4,numeric,Himmelblau2,0.32945715760996175,0.21387506678187856,3,1,0.07589681978611526
19,5,numeric,Himmelblau2,0.544625050683641,0.2678138926484979,2,2,0.05862108915731504
19,5,numeric,Rosenbrock10,0.544625050683641,0.2678138926484979,0,0,inf
19,5,numeric,Griewank10,0.544625050683641,0.2678138926484979,0,2,6.576603906081132e+75
19,6,numeric,Rosenbrock10,0.18859764952059044,0.39959654429861624,0,0,inf
19,6,numeric,Himmelblau2,0.18859764952059044,0.39959654429861624,3,3,0.268073777049585
19,6,numeric,Rastrigin10,0.18859764952059044,0.39959654429861624,0,0,inf
19,7,numeric,Himmelblau2,0.09706510929021817,0.6694303291173711,3,1,0.4345862196692688
19,7,numeric,Rastrigin10,0.09706510929021817,0.6694303291173711,0,0,inf
19,7,numeric,Rosenbrock10,0.09706510929021817,0.6694303291173711,0,0,inf
19,8,numeric,Rosenbrock10,-0.04040823390742057,0.7945589747747077,0,0,inf
19,8,numeric,Himmelblau2,-0.04040823390742057,0.7945589747747077,1,1,5.265987428323203
19,8,numeric,Rastrigin10,-0.04040823390742057,0.7945589747747077,0,0,inf
19,9,numeric,Rosenbrock10,0.3746020200149517,0.5999979398840884,0,1,inf
19,9,numeric,Rastrigin10,0.3746020200149517,0.5999979398840884,0,0,inf
19,9,numeric,Himmelblau2,0.3746020200149517,0.5999979398840884,3,1,0.026059847469491776
20,0,numeric,Himmelblau2,-0.260798606351132,-0.06341075638287147,5,1,0.06473436556021797
20,0,numeric,Griewank10,-0.260798606351132,-0.06341075638287147,1,2,9.885809878957113e+49
20,0,numeric,Rosenbrock10,-0.260798606351132,-0.06341075638287147,0,0,inf
20,1,numeric,Griewank10,0.7370961214454872,0.966426254011741,1,1,0.6541632969290501
20,1,numeric,Himmelblau2,0.7370961214454872,0.966426254011741,3,1,0.07231604519978085
20,1,numeric,Rastrigin10,0.7370961214454872,0.966426254011741,0,0,inf
20,2,numeric,Rosenbrock10,0.24333667307269946,0.6035212472300172,0,0,inf
20,2,numeric,Himmelblau2,0.24333667307269946,0.6035212472300172,3,1,0.1857660551586084
20,2,numeric,Rastrigin10,0.24333667307269946,0.6035212472300172,0,1,inf
20,3,numeric,Himmelblau2,0.25336805677719176,0.4169204424154148,1,1,1.2057134044877165
20,3,numeric,Rosenbrock10,0.25336805677719176,0.4169204424154148,0,0,inf
20,3,numeric,Rastrigin10,0.25336805677719176,0.4169204424154148,0,2,4.057520347264894e+71
20,4,numeric,Rastrigin10,0.37028608832082005,0.7030171254044515,0,2,142.88994706451513
20,4,numeric,Himmelblau2,0.37028608832082005,0.7030171254044515,3,1,0.508889581681724
20,4,numeric,Griewank10,0.37028608832082005,0.7030171254044515,1,1,0.9702606102042542
20,5,numeric,Himmelblau2,0.729817055235437,0.49169595822552115,3,1,0.0017045187824479351
20,5,numeric,Rastrigin10,0.729817055235437,0.49169595822552115,0,0,inf
20,5,numeric,Griewank10,0.729817055235437,0.49169595822552115,1,1,0.8814014440346191
20,6,numeric,Rastrigin10,1.0781396186553789,0.8476543487365137,0,1,inf
20,6,numeric,Griewank10,1.0781396186553789,0.8476543487365137,1,1,0.9833753384760257
20,6,numeric,Himmelblau2,1.0781396186553789,0.8476543487365137,1,1,0.02674821164920703
20,7,numeric,Rosenbrock10,0.03019853441894682,0.5801939735495741,0,0,inf
20,7,numeric,Himmelblau2,0.03019853441894682,0.5801939735495741,2,2,1.3245081514530561
20,7,numeric,Rastrigin10,0.03019853441894682,0.5801939735495741,0,0,inf
20,8,numeric,Rastrigin10,0.50018864378894,1.0743412438373152,0,0,inf
20,8,numeric,Himmelblau2,0.50018864378894,1.0743412438373152,4,1,0.002087198444551253
20,8,numeric,Griewank10,0.50018864378894,1.0743412438373152,1,1,0.9909551111982616
20,9,numeric,Griewank10,-0.2,0.0,1,0,1.7303726888395018e+49
20,9,numeric,Rastrigin10,-0.2,0.0,0,0,inf
20,9,numeric,Rosenbrock10,-0.2,0.0,0,0,inf
21,0,numeric,Rosenbrock10,0.1942625940283631,0.19996798102254998,0,1,inf
21,0,numeric,Rastrigin10,0.1942625940283631,0.19996798102254998,0,1,inf
21,0,numeric,Himmelblau2,0.1942625940283631,0.19996798102254998,4,2,0.005770513751695244
21,1,numeric,Rosenbrock10,0.0,0.29849337754526994,0,0,inf
21,1,numeric,Griewank10,0.0,0.29849337754526994,0,1,1.0094742742257605
21,1,numeric,Rastrigin10,0.0,0.29849337754526994,0,0,inf
21,2,numeric,Rosenbrock10,0.30081167121384944,0.7228071852766362,0,0,inf
21,2,numeric,Himmelblau2,0.30081167121384944,0.7228071852766362,3,1,0.11010995078748664
21,2,numeric,Rastrigin10,0.30081167121384944,0.7228071852766362,0,0,inf
21,3,numeric,Griewank10,-0.2,0.0,1,0,1.5983594260217387e+44
21,3,numeric,Rastrigin10,-0.2,0.0,0,0,inf
21,3,numeric,Rosenbrock10,-0.2,0.0,0,0,inf
21,4,numeric,Rastrigin10,0.27489162948529494,1.1055336727161391,0,0,inf
21,4,numeric,Himmelblau2,0.27489162948529494,1.1055336727161391,5,1,0.04443931041223897
21,4,numeric,Griewank10,0.27489162948529494,1.1055336727161391,1,1,0.9325907904282638
21,5,numeric,Griewank10,0.670504946201497,0.49660040618222295,1,1,inf
21,5,numeric,Rastrigin10,0.670504946201497,0.49660040618222295,0,0,inf
21,5,numeric,Himmelblau2,0.670504946201497,0.49660040618222295,3,4,0.02959365900014838
21,6,numeric,Rosenbrock10,1.05406635187347,1.0912980653903315,0,0,inf
21,6,numeric,Himmelblau2,1.05406635187347,1.0912980653903315,1,1,0.0686212418809487
21,6,numeric,Griewank10,1.05406635187347,1.0912980653903315,1,1,0.929454891616797
21,7,numeric,Rastrigin10,0.9124950465542749,0.8491186429913093,0,0,inf
21,7,numeric,Himmelblau2,0.9124950465542749,0.8491186429913093,1,2,0.2510123287557222
21,7,numeric,Griewank10,0.9124950465542749,0.8491186429913093,1,1,0.948776743627872
21,8,numeric,Griewank10,0.19277207779135125,0.9007690068636731,1,1,3.404761785811009e+30
21,8,numeric,Himmelblau2,0.19277207779135125,0.9007690068636731,3,2,0.007280545424614404
21,8,numeric,Rosenbrock10,0.19277207779135125,0.9007690068636731,0,0,inf
21,9,numeric,Rosenbrock10,0.0,0.05424130800627103,0,0,inf
21,9,numeric,Griewank10,0.0,0.05424130800627103,0,2,1.1423556907680128
21,9,numeric,Rastrigin10,0.0,0.05424130800627103,0,0,inf
22,0,numeric,Rastrigin10,0.7825532830424948,0.7274626337798676,0,0,inf
22,0,numeric,Himmelblau2,0.7825532830424948,0.7274626337798676,1,1,0.5068004728935354
22,0,numeric,Griewank10,0.7825532830424948,0.7274626337798676,1,1,0.9271706487319862
22,1,numeric,Himmelblau2,0.6106536443180717,0.7998509342181845,1,1,0.2335724473812833
22,1,numeric,Rosenbrock10,0.6106536443180717,0.7998509342181845,0,0,inf
22,1,numeric,Rastrigin10,0.6106536443180717,0.7998509342181845,0,0,inf
22,2,numeric,Himmelblau2,0.7412040890054785,1.1319219289700335,1,1,0.5540959554669187
22,2,numeric,Rosenbrock10,0.7412040890054785,1.1319219289700335,0,0,inf
22,2,numeric,Griewank10,0.7412040890054785,1.1319219289700335,1,1,1.0090682205428765
22,3,numeric,Griewank10,-0.2,-0.4,1,1,3.40438201132608e+32
22,3,numeric,Rastrigin10,-0.2,-0.4,0,1,2.693214452069973e+67
22,3,numeric,Rosenbrock10,-0.2,-0.4,0,0,inf
22,4,numeric,Rosenbrock10,0.4302876812938264,0.9490742278758542,0,0,inf
22,4,numeric,Griewank10,0.4302876812938264,0.9490742278758542,1,1,0.8712200118906678
22,4,numeric,Himmelblau2,0.4302876812938264,0.9490742278758542,4,2,0.003121464731104735
22,5,numeric,Griewank10,1.0077134464591155,1.0262648769291527,1,1,1.004573678602013
22,5,numeric,Rosenbrock10,1.0077134464591155,1.0262648769291527,0,0,inf
22,5,numeric,Himmelblau2,1.0077134464591155,1.0262648769291527,1,1,0.10028642327788945
22,6,numeric,Himmelblau2,0.30830644945274616,0.727930755815073,5,1,1.388371345015309e-08
22,6,numeric,Griewank10,0.30830644945274616,0.727930755815073,1,1,0.9673171051891142
22,6,numeric,Rastrigin10,0.30830644945274616,0.727930755815073,0,0,inf
22,7,numeric,Rastrigin10,0.6596397888565559,0.9042990913444058,0,0,inf
22,7,numeric,Griewank10,0.6596397888565559,0.9042990913444058,1,1,1.0065450665725295
22,7,numeric,Himmelblau2,0.6596397888565559,0.9042990913444058,3,2,0.040289671823482025
22,8,numeric,Himmelblau2,0.6944205552067453,1.093179104930148,3,1,0.01261648788373685
22,8,numeric,Griewank10,0.6944205552067453,1.093179104930148,1,1,0.9728541170674165
22,8,numeric,Rastrigin10,0.6944205552067453,1.093179104930148,0,0,inf
22,9,numeric,Griewank10,0.24470512387083837,1.0947020501130789,1,1,3.8973003300577675e+51
22,9,numeric,Himmelblau2,0.24470512387083837,1.0947020501130789,2,1,0.18384507414555154
22,9,numeric,Rosenbrock10,0.24470512387083837,1.0947020501130789,0,0,inf
23,0,numeric,Himmelblau2,0.5662637075919446,0.3879100329018412,2,2,0.03491416695358531
23,0,numeric,Rosenbrock10,0.5662637075919446,0.3879100329018412,0,1,2.754060657365771e+167
23,0,numeric,Rastrigin10,0.5662637075919446,0.3879100329018412,0,0,inf
23,1,numeric,Rosenbrock10,0.7987439990767966,0.460609676339045,0,2,inf
23,1,numeric,Griewank10,0.7987439990767966,0.460609676339045,0,2,inf
23,1,numeric,Himmelblau2,0.7987439990767966,0.460609676339045,1,1,0.0012575804454038443
23,2,numeric,Himmelblau2,0.38706802650642363,0.8055520247381035,4,1,0.14044231511304595
23,2,numeric,Rastrigin10,0.38706802650642363,0.8055520247381035,0,0,inf
23,2,numeric,Griewank10,0.38706802650642363,0.8055520247381035,1,1,0.9599570613319823
23,3,numeric,Griewank10,-0.2,0.09825653523342848,1,1,9.489200952817479e+41
23,3,numeric,Rastrigin10,-0.2,0.09825653523342848,0,0,inf
23,3,numeric,Rosenbrock10,-0.2,0.09825653523342848,0,1,1.520373020706923e+68
23,4,numeric,Griewank10,0.6614312511070752,1.048882353954396,1,1,1.0064507764161374
23,4,numeric,Himmelblau2,0.6614312511070752,1.048882353954396,2,1,0.3105494136569201
23,4,numeric,Rastrigin10,0.6614312511070752,1.048882353954396,0,0,inf
23,5,numeric,Rastrigin10,0.590140146121306,0.1676491480404202,0,3,1.5303682251627175e+44
23,5,numeric,Himmelblau2,0.590140146121306,0.1676491480404202,2,1,0.009958038685046924
23,5,numeric,Rosenbrock10,0.590140146121306,0.1676491480404202,0,0,inf
23,6,numeric,Himmelblau2,-0.2868687908953794,0.8885098697033031,1,1,7.8392938422078355
23,6,numeric,Griewank10,-0.2868687908953794,0.8885098697033031,1,1,3.844676784064539e+75
23,6,numeric,Rosenbrock10,-0.2868687908953794,0.8885098697033031,0,1,4.2476286478451715e+82
23,7,numeric,Himmelblau2,0.3999357538484648,0.5985434244835568,2,1,0.25010039267407747
23,7,numeric,Rastrigin10,0.3999357538484648,0.5985434244835568,0,0,inf
23,7,numeric,Rosenbrock10,0.3999357538484648,0.5985434244835568,0,1,8.16685120290084e+143
23,8,numeric,Rastrigin10,-0.2,-0.4,0,1,1.0122974230382236e+55
23,8,numeric,Griewank10,-0.2,-0.4,1,0,4.2448252658870926e+35
23,8,numeric,Rosenbrock10,-0.2,-0.4,0,1,5.916782858427988e+139
23,9,numeric,Rastrigin10,0.29813706297506354,0.0,0,0,inf
23,9,numeric,Rosenbrock10,0.29813706297506354,0.0,0,0,inf
23,9,numeric,Griewank10,0.29813706297506354,0.0,1,0,1.0074796162076771
24,0,numeric,Griewank10,0.5121865246016695,0.8541441408775066,1,1,0.8966936830585021
24,0,numeric,Rosenbrock10,0.5121865246016695,0.8541441408775066,0,0,inf
24,0,numeric,Himmelblau2,0.5121865246016695,0.8541441408775066,4,2,0.015276601733112129
24,1,numeric,Himmelblau2,0.7946548019467647,1.1752143628199818,1,1,inf
24,1,numeric,Griewank10,0.7946548019467647,1.1752143628199818,1,1,1.0185520210556638
24,1,numeric,Rastrigin10,0.7946548019467647,1.1752143628199818,0,0,inf
24,2,numeric,Himmelblau2,0.6495905288545201,0.14956431142594756,1,1,1.0452749710424403
24,2,numeric,Rastrigin10,0.6495905288545201,0.14956431142594756,0,0,inf
24,2,numeric,Griewank10,0.6495905288545201,0.14956431142594756,1,1,0.7836162571004031
24,3,numeric,Griewank10,0.2407118302530779,1.0855822833258448,1,1,1.010788102606048
24,3,numeric,Himmelblau2,0.2407118302530779,1.0855822833258448,5,1,0.060002067825962714
24,3,numeric,Rastrigin10,0.2407118302530779,1.0855822833258448,0,0,inf
24,4,numeric,Rosenbrock10,0.19911663379670563,0.8991282394790187,0,0,inf
24,4,numeric,Griewank10,0.19911663379670563,0.8991282394790187,0,2,inf
24,4,numeric,Himmelblau2,0.19911663379670563,0.8991282394790187,4,1,0.0008841472290753638
24,5,numeric,Rosenbrock10,0.1972525058172543,0.9221389962256553,0,1,inf
24,5,numeric,Griewank10,0.1972525058172543,0.9221389962256553,0,1,inf
24,5,numeric,Himmelblau2,0.1972525058172543,0.9221389962256553,4,1,0.002755063704246098
24,6,numeric,Griewank10,0.689027441372984,1.1896625977175128,1,1,1.0084657429171782
24,6,numeric,Rosenbrock10,0.689027441372984,1.1896625977175128,0,1,inf
24,6,numeric,Himmelblau2,0.689027441372984,1.1896625977175128,3,2,0.00894433566421116
24,7,numeric,Rastrigin10,0.29619058167158285,0.09017106056424923,0,0,inf
24,7,numeric,Rosenbrock10,0.29619058167158285,0.09017106056424923,0,0,inf
24,7,numeric,Griewank10,0.29619058167158285,0.09017106056424923,1,2,1.0153546579444692
24,8,numeric,Griewank10,0.8858509192149174,0.6957947064350299,1,2,inf
24,8,numeric,Rosenbrock10,0.8858509192149174,0.6957947064350299,0,0,inf
24,8,numeric,Himmelblau2,0.8858509192149174,0.6957947064350299,2,2,0.010237962934457513
24,9,numeric,Rosenbrock10,0.0,0.0971535231490796,0,0,inf
24,9,numeric,Griewank10,0.0,0.0971535231490796,0,2,0.9897341789196018
24,9,numeric,Rastrigin10,0.0,0.0971535231490796,0,0,inf
25,0,numeric,Himmelblau2,0.5985075580183138,0.5974350803137852,2,2,0.0014946726939634848
25,0,numeric,Rosenbrock10,0.5985075580183138,0.5974350803137852,0,0,inf
25,0,numeric,Rastrigin10,0.5985075580183138,0.5974350803137852,0,0,inf
25,1,numeric,Himmelblau2,0.3159592552033034,1.0982171336462887,1,1,0.3967275270658251
25,1,numeric,Griewank10,0.3159592552033034,1.0982171336462887,1,1,1.809833134554568e+68
25,1,numeric,Rosenbrock10,0.3159592552033034,1.0982171336462887,0,0,inf
25,2,numeric,Rosenbrock10,0.5745423461355346,1.3611343439584138,0,0,inf
25,2,numeric,Griewank10,0.5745423461355346,1.3611343439584138,1,1,0.987237254935165
25,2,numeric,Himmelblau2,0.5745423461355346,1.3611343439584138,2,1,0.06676566638703296
25,3,numeric,Griewank10,0.09443706696787196,0.8458657527366387,1,2,3.5073878964608385e+28
25,3,numeric,Himmelblau2,0.09443706696787196,0.8458657527366387,2,1,0.4400152980979411
25,3,numeric,Rosenbrock10,0.09443706696787196,0.8458657527366387,0,0,inf
25,4,numeric,Rosenbrock10,0.0,-0.2,0,0,inf
25,4,numeric,Griewank10,0.0,-0.2,0,1,0.9945085282653502
25,4,numeric,Rastrigin10,0.0,-0.2,0,0,inf
25,5,numeric,Himmelblau2,1.0905465491873103,0.7915784332069375,1,3,0.022683016657179127
25,5,numeric,Rastrigin10,1.0905465491873103,0.7915784332069375,0,0,inf
25,5,numeric,Griewank10,1.0905465491873103,0.7915784332069375,1,1,0.9503577068168123
25,6,numeric,Rosenbrock10,0.22087723468424536,0.17661813427937761,0,1,13228.463532337511
25,6,numeric,Himmelblau2,0.22087723468424536,0.17661813427937761,2,3,0.6106243620102485
25,6,numeric,Rastrigin10,0.22087723468424536,0.17661813427937761,0,0,inf
25,7,numeric,Rastrigin10,1.0967323852681397,0.6468954033371541,0,1,inf
25,7,numeric,Griewank10,1.0967323852681397,0.6468954033371541,1,1,1.0116815855129482
25,7,numeric,Himmelblau2,1.0967323852681397,0.6468954033371541,1,1,0.0003643094062639503
25,8,numeric,Griewank10,0.9503262728244599,0.857038390976582,1,3,1.007133611563511
25,8,numeric,Himmelblau2,0.9503262728244599,0.857038390976582,1,1,0.16606562653837795
25,8,numeric,Rastrigin10,0.9503262728244599,0.857038390976582,0,0,inf
25,9,numeric,Himmelblau2,0.5436903075287116,1.0784650853941469,3,1,0.11529067547747726
25,9,numeric,Griewank10,0.5436903075287116,1.0784650853941469,1,1,1.0058780760238388
25,9,numeric,Rastrigin10,0.5436903075287116,1.0784650853941469,0,0,inf
26,0,numeric,Rastrigin10,1.1012297840411736,0.42398587485635253,0,1,inf
26,0,numeric,Griewank10,1.1012297840411736,0.42398587485635253,1,1,0.9402362873045123
26,0,numeric,Himmelblau2,1.1012297840411736,0.42398587485635253,1,1,0.014375073193900344
26,1,numeric,Himmelblau2,0.19912513335372573,0.4244668595800378,4,1,0.0008756327081249992
26,1,numeric,Rastrigin10,0.19912513335372573,0.4244668595800378,0,1,4.511937555897973e+38
26,1,numeric,Rosenbrock10,0.19912513335372573,0.4244668595800378,0,0,inf
26,2,numeric,Himmelblau2,0.4161549203919506,0.7058903860581859,4,1,0.08849173187385517
26,2,numeric,Rosenbrock10,0.4161549203919506,0.7058903860581859,0,0,inf
26,2,numeric,Griewank10,0.4161549203919506,0.7058903860581859,1,1,1.0102422260676898
26,3,numeric,Rastrigin10,-0.2,-0.2,0,0,inf
26,3,numeric,Griewank10,-0.2,-0.2,1,1,4.719722865799709e+45
26,3,numeric,Rosenbrock10,-0.2,-0.2,0,0,inf
26,4,numeric,Griewank10,0.10399444788427237,0.5989815600446937,2,1,3.0974665086026473e+33
26,4,numeric,Himmelblau2,0.10399444788427237,0.5989815600446937,2,1,0.10620148424630377
26,4,numeric,Rosenbrock10,0.10399444788427237,0.5989815600446937,0,0,inf
26,5,numeric,Himmelblau2,-0.3040603732381922,0.8705762023625305,4,2,0.43690625098182523
26,5,numeric,Griewank10,-0.3040603732381922,0.8705762023625305,1,1,3.2213515171502976e+45
26,5,numeric,Rosenbrock10,-0.3040603732381922,0.8705762023625305,0,0,inf
26,6,numeric,Himmelblau2,0.44088718828436313,0.7202403435660008,2,1,0.1892201640511017
26,6,numeric,Rastrigin10,0.44088718828436313,0.7202403435660008,0,0,inf
26,6,numeric,Rosenbrock10,0.44088718828436313,0.7202403435660008,0,0,inf
26,7,numeric,Griewank10,0.9047596477689992,0.45391899893283544,1,2,0.8999349590001161
26,7,numeric,Himmelblau2,0.9047596477689992,0.45391899893283544,2,1,3.005123547613441e-06
26,7,numeric,Rastrigin10,0.9047596477689992,0.45391899893283544,0,0,inf
26,8,numeric,Rosenbrock10,0.30464343426055135,-0.2,0,1,7.840788319881298e+131
26,8,numeric,Rastrigin10,0.30464343426055135,-0.2,0,0,inf
26,8,numeric,Griewank10,0.30464343426055135,-0.2,1,0,0.9815971676423163
26,9,numeric,Rosenbrock10,0.3046387364667367,0.0,0,0,inf
26,9,numeric,Griewank10,0.3046387364667367,0.0,1,0,0.9816156147694283
26,9,numeric,Rastrigin10,0.3046387364667367,0.0,0,0,inf
27,0,numeric,Griewank10,0.3020167955568796,0.0,1,0,0.9919652267624138
27,0,numeric,Rosenbrock10,0.3020167955568796,0.0,0,0,inf
27,0,numeric,Rastrigin10,0.3020167955568796,0.0,0,0,inf
27,1,numeric,Griewank10,0.3904941225515412,1.3992412068114204,1,2,inf
27,1,numeric,Rastrigin10,0.3904941225515412,1.3992412068114204,0,0,inf
27,1,numeric,Himmelblau2,0.3904941225515412,1.3992412068114204,4,1,0.18738446263626526
27,2,numeric,Rosenbrock10,0.29713294161483833,-0.2,0,0,inf
27,2,numeric,Rastrigin10,0.29713294161483833,-0.2,0,0,inf
27,2,numeric,Griewank10,0.29713294161483833,-0.2,1,1,1.0115343729821993
27,3,numeric,Griewank10,0.6869963189687505,1.0738109514664314,1,1,1.0072319986513099
27,3,numeric,Rastrigin10,0.6869963189687505,1.0738109514664314,0,0,inf
27,3,numeric,Himmelblau2,0.6869963189687505,1.0738109514664314,3,1,0.01132910640396443
27,4,numeric,Rastrigin10,0.2722967850982982,0.7803538816559759,0,0,inf
27,4,numeric,Himmelblau2,0.2722967850982982,0.7803538816559759,1,1,1.1173127396831044
27,4,numeric,Rosenbrock10,0.2722967850982982,0.7803538816559759,0,0,inf
27,5,numeric,Rastrigin10,0.7400977083732299,0.794725282720862,0,0,inf
27,5,numeric,Himmelblau2,0.7400977083732299,0.794725282720862,1,1,0.06371921885697042
27,5,numeric,Rosenbrock10,0.7400977083732299,0.794725282720862,0,0,inf
27,6,numeric,Griewank10,1.0998393884275977,0.6961816096754325,1,0,1.0001715842885857
27,6,numeric,Rosenbrock10,1.0998393884275977,0.6961816096754325,0,0,inf
27,6,numeric,Himmelblau2,1.0998393884275977,0.6961816096754325,1,1,0.00011773303952314118
27,7,numeric,Rastrigin10,0.8842029088073706,1.084629470883736,0,0,inf
27,7,numeric,Himmelblau2,0.8842029088073706,1.084629470883736,2,1,0.026344799565393602
27,7,numeric,Griewank10,0.8842029088073706,1.084629470883736,1,1,0.961278574625119
27,8,numeric,Griewank10,0.0,0.0,0,0,inf
27,8,numeric,Rastrigin10,0.0,0.0,0,0,inf
27,8,numeric,Rosenbrock10,0.0,0.0,0,0,inf
27,9,numeric,Himmelblau2,0.9091300197820043,1.0733096321063484,2,1,0.026940203266376708
27,9,numeric,Rastrigin10,0.9091300197820043,1.0733096321063484,0,0,inf
27,9,numeric,Griewank10,0.9091300197820043,1.0733096321063484,1,1,0.8678898024709446
28,0,numeric,Griewank10,-0.19999999999999782,0.0983636181146989,1,2,458055085176437.06
28,0,numeric,Rosenbrock10,-0.19999999999999782,0.0983636181146989,0,0,inf
28,0,numeric,Rastrigin10,-0.19999999999999782,0.0983636181146989,0,0,inf
28,1,numeric,Rastrigin10,0.7012379508372963,1.5344830650697663,0,0,inf
28,1,numeric,Griewank10,0.7012379508372963,1.5344830650697663,1,1,0.9950604145460682
28,1,numeric,Himmelblau2,0.7012379508372963,1.5344830650697663,3,1,3.0156085442968528e-09
28,2,numeric,Himmelblau2,0.39914553483584286,0.767789082922391,2,1,0.0008551958992614562
28,2,numeric,Griewank10,0.39914553483584286,0.767789082922391,1,1,3.405618771761747e+78
28,2,numeric,Rosenbrock10,0.39914553483584286,0.767789082922391,0,0,inf
28,3,numeric,Rosenbrock10,0.0,0.0,0,0,inf
28,3,numeric,Griewank10,0.0,0.0,0,0,inf
28,3,numeric,Rastrigin10,0.0,0.0,0,0,inf
28,4,numeric,Himmelblau2,0.1492151838700791,0.7991601865024085,1,1,1.8635639175759229
28,4,numeric,Rosenbrock10,0.1492151838700791,0.7991601865024085,0,0,inf
28,4,numeric,Rastrigin10,0.1492151838700791,0.7991601865024085,0,0,inf
28,5,numeric,Himmelblau2,0.3692603609516263,0.7619452334072001,3,1,0.031714532324620466
28,5,numeric,Rastrigin10,0.3692603609516263,0.7619452334072001,0,0,inf
28,5,numeric,Rosenbrock10,0.3692603609516263,0.7619452334072001,0,0,inf
28,6,numeric,Rosenbrock10,0.5997322705899288,0.20674182755991766,0,0,inf
28,6,numeric,Rastrigin10,0.5997322705899288,0.20674182755991766,0,0,inf
28,6,numeric,Himmelblau2,0.5997322705899288,0.20674182755991766,2,1,0.00026780110830396087
28,7,numeric,Griewank10,0.26339250611411313,1.0377758215561086,1,1,1.0118696245322172
28,7,numeric,Rosenbrock10,0.26339250611411313,1.0377758215561086,0,0,inf
28,7,numeric,Himmelblau2,0.26339250611411313,1.0377758215561086,3,1,0.7657162714750574
28,8,numeric,Rosenbrock10,0.48335877112486964,0.5978981042640821,0,0,inf
28,8,numeric,Himmelblau2,0.48335877112486964,0.5978981042640821,4,2,0.015202340054077378
28,8,numeric,Griewank10,0.48335877112486964,0.5978981042640821,1,0,1.0066884497125985
28,9,numeric,Rosenbrock10,0.3510953564729236,0.7882439994872734,0,0,inf
28,9,numeric,Himmelblau2,0.3510953564729236,0.7882439994872734,1,1,0.8145680021695697
28,9,numeric,Rastrigin10,0.3510953564729236,0.7882439994872734,0,0,inf
29,0,numeric,Griewank10,-0.2,0.06484271696912242,1,1,1.1974661239543038e+38
29,0,numeric,Rastrigin10,-0.2,0.06484271696912242,0,0,inf
29,0,numeric,Rosenbrock10,-0.2,0.06484271696912242,0,1,1.5924226679438088e+117
29,1,numeric,Rosenbrock10,0.27411835525395023,0.5123132138418083,0,0,inf
29,1,numeric,Griewank10,0.27411835525395023,0.5123132138418083,1,3,inf
29,1,numeric,Himmelblau2,0.27411835525395023,0.5123132138418083,5,1,0.02525028348155999
29,2,numeric,Himmelblau2,-0.6602373795509723,0.5314328227832346,4,1,6.154988914684134
29,2,numeric,Rastrigin10,-0.6602373795509723,0.5314328227832346,0,0,inf
29,2,numeric,Rosenbrock10,-0.6602373795509723,0.5314328227832346,0,1,1.3135271704151717e+76
29,3,numeric,Rastrigin10,0.611298109531826,1.0892859404947264,0,0,inf
29,3,numeric,Himmelblau2,0.611298109531826,1.0892859404947264,1,1,1.0867245592723034
29,3,numeric,Griewank10,0.611298109531826,1.0892859404947264,1,1,0.8794230640699127
29,4,numeric,Rastrigin10,-0.2,0.2812494084390359,0,0,inf
29,4,numeric,Griewank10,-0.2,0.2812494084390359,1,1,7.595388319446521e+29
29,4,numeric,Rosenbrock10,-0.2,0.2812494084390359,0,0,inf
29,5,numeric,Griewank10,0.6676160028188918,1.0364688600274399,1,1,1.0021367992304497
29,5,numeric,Himmelblau2,0.6676160028188918,1.0364688600274399,2,1,0.30182969267282134
29,5,numeric,Rastrigin10,0.6676160028188918,1.0364688600274399,0,0,inf
29,6,numeric,Rastrigin10,0.0,-0.07970789725231914,0,0,inf
29,6,numeric,Rosenbrock10,0.0,-0.07970789725231914,0,1,1.9695784569167963e+132
29,6,numeric,Griewank10,0.0,-0.07970789725231914,0,2,746870068.0473171
29,7,numeric,Griewank10,-0.4,1.1036094078738066,1,1,6.952640067785907e+51
29,7,numeric,Himmelblau2,-0.4,1.1036094078738066,1,1,3.768136550820159e+156
29,7,numeric,Rosenbrock10,-0.4,1.1036094078738066,0,0,inf
29,8,numeric,Rosenbrock10,0.29873359348698114,0.0,0,0,inf
29,8,numeric,Rastrigin10,0.29873359348698114,0.0,0,0,inf
29,8,numeric,Griewank10,0.29873359348698114,0.0,1,0,1.0050784889149518
29,9,numeric,Rosenbrock10,0.6660767917090968,0.12250714633797688,0,1,186489.70898401874
29,9,numeric,Himmelblau2,0.6660767917090968,0.12250714633797688,1,1,0.1546320252117852
29,9,numeric,Rastrigin10,0.6660767917090968,0.12250714633797688,0,0,inf
30,0,numeric,Rosenbrock10,0.7992615054873153,0.3806572335105617,0,2,inf
30,0,numeric,Rastrigin10,0.7992615054873153,0.3806572335105617,0,0,inf
30,0,numeric,Himmelblau2,0.7992615054873153,0.3806572335105617,1,1,0.0007390402898835486
30,1,numeric,Griewank10,-0.19999999999999996,-0.1158973496465574,1,3,2.3456932431240548e+16
30,1,numeric,Rastrigin10,-0.19999999999999996,-0.1158973496465574,0,0,inf
30,1,numeric,Rosenbrock10,-0.19999999999999996,-0.1158973496465574,0,0,inf
30,2,numeric,Himmelblau2,0.3919746990542327,0.0,1,0,0.6892613849842709
30,2,numeric,Rosenbrock10,0.3919746990542327,0.0,0,0,inf
30,2,numeric,Rastrigin10,0.3919746990542327,0.0,0,0,inf
30,3,numeric,Himmelblau2,0.04156757334481928,1.0968173319513763,1,1,3.1396284532468117
30,3,numeric,Rosenbrock10,0.04156757334481928,1.0968173319513763,0,0,inf
30,3,numeric,Griewank10,0.04156757334481928,1.0968173319513763,0,1,1850086571432621.2
30,4,numeric,Rosenbrock10,0.47618666520582015,0.5943484929792391,0,0,inf
30,4,numeric,Griewank10,0.47618666520582015,0.5943484929792391,1,1,0.9884625101008196
30,4,numeric,Himmelblau2,0.47618666520582015,0.5943484929792391,4,3,0.00928002980919253
30,5,numeric,Rosenbrock10,0.3029009754228133,0.10290008318720623,0,0,inf
30,5,numeric,Griewank10,0.3029009754228133,0.10290008318720623,1,2,0.9884630352113583
30,5,numeric,Rastrigin10,0.3029009754228133,0.10290008318720623,0,0,inf
30,6,numeric,Griewank10,-0.4,1.1825418331583462,1,2,6.511076868738548e+41
30,6,numeric,Himmelblau2,-0.4,1.1825418331583462,1,1,1.6883253062429707e+73
30,6,numeric,Rosenbrock10,-0.4,1.1825418331583462,0,1,3.938197773765132e+84
30,7,numeric,Rastrigin10,0.2979664198599306,-0.2,0,1,1.3215429600352267e+43
30,7,numeric,Rosenbrock10,0.2979664198599306,-0.2,0,0,inf
30,7,numeric,Griewank10,0.2979664198599306,-0.2,1,0,1.0081675392515077
30,8,numeric,Griewank10,-0.36646519423351415,0.49573872451590023,1,2,4.750304794304987e+26
30,8,numeric,Himmelblau2,-0.36646519423351415,0.49573872451590023,4,2,0.5784452423101584
30,8,numeric,Rosenbrock10,-0.36646519423351415,0.49573872451590023,0,1,2.6075346605333773e+81
30,9,numeric,Griewank10,-0.23292755269072457,0.5422529609036069,1,2,1.5068251773026697e+63
30,9,numeric,Himmelblau2,-0.23292755269072457,0.5422529609036069,3,1,0.7634431098617817
30,9,numeric,Rosenbrock10,-0.23292755269072457,0.5422529609036069,0,0,inf
